[{"model": "auth.user", "pk": 1, "fields": {"password": "pbkdf2_sha256$600000$jZsQM9gTCFqzbBrFryAvSZ$CI8AnWsS9A44I+xj0b67Osw6FZ8c4xD29co+mv1iUwo=", "last_login": "2024-03-19T02:07:57.832Z", "is_superuser": true, "username": "gonzalo", "first_name": "", "last_name": "", "email": "", "is_staff": true, "is_active": true, "date_joined": "2024-03-19T01:51:47.153Z", "groups": [], "user_permissions": []}}, {"model": "sessions.session", "pk": "xmo8fsfk0vvif9dbo9y8zy8vplwv06fg", "fields": {"session_data": ".eJxVjEEOwiAQRe_C2hBKh8K4dN8zkBkYbdVAUtqV8e7apAvd_vfef6lI2zrFrckS56zOqlOn340pPaTsIN-p3KpOtazLzHpX9EGbHmuW5-Vw_w4matO3lh7YoWEPg0Mrgq7vQgYA5GtwSMYmIwDEvTNsvSGPPkvAwZEfULx6fwDBxTcA:1rmOtR:E9km9an8HmmaBa5JAH8mNUnMndHBXBUqN11tlkFyazQ", "expire_date": "2024-04-02T02:07:57.837Z"}}, {"model": "sites.site", "pk": 1, "fields": {"domain": "example.com", "name": "example.com"}}, {"model": "main.ito", "pk": 13, "fields": {"nombre": "Luis Abarca", "mobil": "56973662082", "correo": "labarca-ext@tekon-rl.cl", "rut": null}}, {"model": "main.ito", "pk": 14, "fields": {"nombre": "Luis Maldonado", "mobil": "56981423418", "correo": "lmaldonado-ext@tekon-rl.cl", "rut": null}}, {"model": "main.ito", "pk": 15, "fields": {"nombre": "Matias Fernandez", "mobil": "56987399954", "correo": "mfernandez-ext@tekon-rl.cl", "rut": null}}, {"model": "main.sitio", "pk": 182, "fields": {"cod": "CL-LI-1196", "comuna": "Cruce La Paloma", "altura": 42, "contratista": "AJ", "estado": "ASG", "lat": -34.55513, "lon": -70.95819, "ito": 13, "hormigonado": false, "montado": false, "empalmeE": false, "descripcion": "a", "avance": 0, "fechaFin": "13/03/2024"}}, {"model": "main.sitio", "pk": 183, "fields": {"cod": "CL-RM-2174", "comuna": "Maria Pinto", "altura": 48, "contratista": "MER", "estado": "ASG", "lat": -33.41833, "lon": -71.05056, "ito": 13, "hormigonado": false, "montado": false, "empalmeE": false, "descripcion": "a", "avance": 0, "fechaFin": "13/03/2024"}}, {"model": "main.sitio", "pk": 184, "fields": {"cod": "CL-RM-2183", "comuna": "Angostura", "altura": 42, "contratista": "MER", "estado": "ASG", "lat": -33.898167, "lon": -70.735556, "ito": 13, "hormigonado": false, "montado": false, "empalmeE": false, "descripcion": "a", "avance": 0, "fechaFin": "13/03/2024"}}, {"model": "main.sitio", "pk": 185, "fields": {"cod": "CL-VS-1398", "comuna": "Lo Vasquez", "altura": 48, "contratista": "AJ", "estado": "ASG", "lat": -33.284889, "lon": -71.4270278, "ito": 13, "hormigonado": false, "montado": false, "empalmeE": false, "descripcion": "a", "avance": 0, "fechaFin": "13/03/2024"}}, {"model": "main.sitio", "pk": 186, "fields": {"cod": "CL-VS-1399", "comuna": "Santuario Lo Vasquez", "altura": 48, "contratista": "AJ", "estado": "ASG", "lat": -33.260889, "lon": -71.43775, "ito": 13, "hormigonado": false, "montado": false, "empalmeE": false, "descripcion": "a", "avance": 0, "fechaFin": "13/03/2024"}}, {"model": "main.sitio", "pk": 187, "fields": {"cod": "CL-RM-2177", "comuna": "Chiñigue", "altura": 24, "contratista": "MER", "estado": "ASG", "lat": -33.681972, "lon": -71.07617, "ito": 13, "hormigonado": false, "montado": false, "empalmeE": false, "descripcion": "a", "avance": 0, "fechaFin": "13/03/2024"}}, {"model": "main.sitio", "pk": 188, "fields": {"cod": "CL-LI-1198", "comuna": "Copec, San Fernando", "altura": 42, "contratista": "AJ", "estado": "ASG", "lat": -34.50286, "lon": -70.918111, "ito": 13, "hormigonado": false, "montado": false, "empalmeE": false, "descripcion": "a", "avance": 0, "fechaFin": "13/03/2024"}}, {"model": "main.sitio", "pk": 189, "fields": {"cod": "CL-RM-2190", "comuna": "Agua de la Nipa", "altura": 48, "contratista": "MER", "estado": "ASG", "lat": -33.105583, "lon": -70.835972, "ito": 13, "hormigonado": false, "montado": false, "empalmeE": false, "descripcion": "a", "avance": 0, "fechaFin": "13/03/2024"}}, {"model": "main.sitio", "pk": 191, "fields": {"cod": "CL-LI-1185", "comuna": "El Arrozal", "altura": 42, "contratista": "AJ", "estado": "ASG", "lat": -34.0834722, "lon": -70.765833, "ito": 13, "hormigonado": false, "montado": false, "empalmeE": false, "descripcion": "a", "avance": 0, "fechaFin": "13/03/2024"}}, {"model": "main.sitio", "pk": 192, "fields": {"cod": "CL-RM-2188", "comuna": "Rungue", "altura": 42, "contratista": "MER", "estado": "ASG", "lat": -33.005333, "lon": -70.903528, "ito": 13, "hormigonado": false, "montado": false, "empalmeE": false, "descripcion": "a", "avance": 0, "fechaFin": "13/03/2024"}}, {"model": "main.sitio", "pk": 194, "fields": {"cod": "CL-RM-2182", "comuna": "Linderos Sur", "altura": 42, "contratista": "MER", "estado": "EJE", "lat": -33.7746944, "lon": -70.747, "ito": 13, "hormigonado": false, "montado": false, "empalmeE": false, "descripcion": "a", "avance": 0, "fechaFin": "30/03/2024"}}, {"model": "main.sitio", "pk": 195, "fields": {"cod": "CL-LI-1195", "comuna": "Las Mercedes", "altura": 42, "contratista": "AJ", "estado": "ASG", "lat": -34.25778, "lon": -70.80758, "ito": 13, "hormigonado": false, "montado": false, "empalmeE": false, "descripcion": "a", "avance": 0, "fechaFin": "30/03/024"}}, {"model": "galeria.galeria", "pk": 2, "fields": {"nombre": "CL-LI-1196 ZO403", "descripcion": "Cruce La Paloma AJ\t42", "slug": "cl-li-1196"}}, {"model": "galeria.galeria", "pk": 3, "fields": {"nombre": "CL-RM-2174 FG510", "descripcion": "Maria Pinto MER\t48", "slug": "cl-rm-2174"}}, {"model": "galeria.galeria", "pk": 4, "fields": {"nombre": "CL-RM-2183 FG518", "descripcion": "Angostura MER\t42", "slug": "cl-rm-2183"}}, {"model": "galeria.galeria", "pk": 5, "fields": {"nombre": "CL-VS-1398\tZV980", "descripcion": "Lo Vasquez AJ\t48", "slug": "cl-vs-1398"}}, {"model": "galeria.galeria", "pk": 6, "fields": {"nombre": "CL-VS-1399\tZV982", "descripcion": "Santuario Lo Vasquez AJ\t48", "slug": "cl-vs-1399"}}, {"model": "galeria.galeria", "pk": 7, "fields": {"nombre": "CL-RM-2177 FG506", "descripcion": "Chiñigue MER 36", "slug": "cl-rm-2177"}}, {"model": "galeria.galeria", "pk": 8, "fields": {"nombre": "CL-LI-1198 ZO402", "descripcion": "Copec, San Fernando AJ 42", "slug": "cl-li-1198"}}, {"model": "galeria.galeria", "pk": 9, "fields": {"nombre": "CL-RM-2190 FG515", "descripcion": "Agua de la Nipa MER 48", "slug": "cl-rm-2190"}}, {"model": "galeria.galeria", "pk": 10, "fields": {"nombre": "CL-LI-1195 ZO414", "descripcion": "Las Mercedes AJ 42", "slug": "cl-li-1195"}}, {"model": "galeria.galeria", "pk": 11, "fields": {"nombre": "CL-LI-1185 ZO421", "descripcion": "El Arrozal AJ 42", "slug": "cl-li-1185"}}, {"model": "galeria.galeria", "pk": 12, "fields": {"nombre": "CL-RM-2188 FG516", "descripcion": "Rungue MER 42", "slug": "cl-rm-2188"}}, {"model": "galeria.galeria", "pk": 13, "fields": {"nombre": "CL-RM-2182 FG517", "descripcion": "Linderos Sur MER 42", "slug": "cl-rm-2182"}}, {"model": "galeria.imagen", "pk": 18, "fields": {"imagen": "imagenes/WhatsApp_Image_2024-03-16_at_12.38.53_3_ajOV05C.jpeg", "galeria": 2, "descripcion": null, "fecha_carga": "2024-03-16"}}, {"model": "galeria.imagen", "pk": 19, "fields": {"imagen": "imagenes/WhatsApp_Image_2024-03-16_at_12.38.53_2_UHi4T6E.jpeg", "galeria": 2, "descripcion": null, "fecha_carga": "2024-03-16"}}, {"model": "galeria.imagen", "pk": 20, "fields": {"imagen": "imagenes/WhatsApp_Image_2024-03-16_at_12.38.53_1_jGxcG2b.jpeg", "galeria": 2, "descripcion": null, "fecha_carga": "2024-03-16"}}, {"model": "galeria.imagen", "pk": 21, "fields": {"imagen": "imagenes/WhatsApp_Image_2024-03-16_at_12.38.53_F2ZUEy9.jpeg", "galeria": 2, "descripcion": null, "fecha_carga": "2024-03-16"}}, {"model": "galeria.imagen", "pk": 22, "fields": {"imagen": "imagenes/WhatsApp_Image_2024-03-18_at_09.16.43_bzrKVkd.jpeg", "galeria": 2, "descripcion": null, "fecha_carga": "2024-03-18"}}, {"model": "galeria.imagen", "pk": 23, "fields": {"imagen": "imagenes/WhatsApp_Image_2024-03-18_at_09.16.42_2_8zB5Duy.jpeg", "galeria": 2, "descripcion": null, "fecha_carga": "2024-03-18"}}, {"model": "galeria.imagen", "pk": 24, "fields": {"imagen": "imagenes/WhatsApp_Image_2024-03-18_at_09.16.42_1_1GN4uSJ.jpeg", "galeria": 2, "descripcion": null, "fecha_carga": "2024-03-18"}}, {"model": "galeria.imagen", "pk": 25, "fields": {"imagen": "imagenes/WhatsApp_Image_2024-03-18_at_09.16.42_hvJdBRd.jpeg", "galeria": 2, "descripcion": null, "fecha_carga": "2024-03-18"}}, {"model": "galeria.imagen", "pk": 32, "fields": {"imagen": "imagenes/WhatsApp_Image_2024-03-18_at_09.08.22_3.jpeg", "galeria": 6, "descripcion": null, "fecha_carga": "2024-03-18"}}, {"model": "galeria.imagen", "pk": 33, "fields": {"imagen": "imagenes/WhatsApp_Image_2024-03-18_at_09.08.22_2.jpeg", "galeria": 6, "descripcion": null, "fecha_carga": "2024-03-18"}}, {"model": "galeria.imagen", "pk": 34, "fields": {"imagen": "imagenes/WhatsApp_Image_2024-03-18_at_09.08.22_1.jpeg", "galeria": 6, "descripcion": null, "fecha_carga": "2024-03-18"}}, {"model": "galeria.imagen", "pk": 35, "fields": {"imagen": "imagenes/WhatsApp_Image_2024-03-18_at_09.08.22.jpeg", "galeria": 6, "descripcion": null, "fecha_carga": "2024-03-18"}}, {"model": "galeria.imagen", "pk": 36, "fields": {"imagen": "imagenes/WhatsApp_Image_2024-03-18_at_09.08.21_4.jpeg", "galeria": 6, "descripcion": null, "fecha_carga": "2024-03-18"}}, {"model": "galeria.imagen", "pk": 37, "fields": {"imagen": "imagenes/WhatsApp_Image_2024-03-18_at_09.08.21_3.jpeg", "galeria": 6, "descripcion": null, "fecha_carga": "2024-03-18"}}, {"model": "galeria.imagen", "pk": 38, "fields": {"imagen": "imagenes/WhatsApp_Image_2024-03-18_at_09.08.21_2.jpeg", "galeria": 6, "descripcion": null, "fecha_carga": "2024-03-18"}}, {"model": "galeria.imagen", "pk": 39, "fields": {"imagen": "imagenes/WhatsApp_Image_2024-03-18_at_09.08.21_1.jpeg", "galeria": 6, "descripcion": null, "fecha_carga": "2024-03-18"}}, {"model": "galeria.imagen", "pk": 40, "fields": {"imagen": "imagenes/WhatsApp_Image_2024-03-18_at_09.08.21.jpeg", "galeria": 6, "descripcion": null, "fecha_carga": "2024-03-18"}}, {"model": "galeria.imagen", "pk": 42, "fields": {"imagen": "imagenes/WhatsApp_Image_2024-03-19_at_09.44.11_3.jpeg", "galeria": 6, "descripcion": null, "fecha_carga": "2024-03-19"}}, {"model": "galeria.imagen", "pk": 43, "fields": {"imagen": "imagenes/WhatsApp_Image_2024-03-19_at_09.44.11_2.jpeg", "galeria": 6, "descripcion": null, "fecha_carga": "2024-03-19"}}, {"model": "galeria.imagen", "pk": 44, "fields": {"imagen": "imagenes/WhatsApp_Image_2024-03-19_at_09.44.11_1.jpeg", "galeria": 6, "descripcion": null, "fecha_carga": "2024-03-19"}}, {"model": "galeria.imagen", "pk": 45, "fields": {"imagen": "imagenes/WhatsApp_Image_2024-03-19_at_09.44.11.jpeg", "galeria": 6, "descripcion": null, "fecha_carga": "2024-03-19"}}, {"model": "galeria.imagen", "pk": 46, "fields": {"imagen": "imagenes/WhatsApp_Image_2024-03-19_at_09.44.10_2.jpeg", "galeria": 6, "descripcion": null, "fecha_carga": "2024-03-19"}}, {"model": "galeria.imagen", "pk": 47, "fields": {"imagen": "imagenes/WhatsApp_Image_2024-03-19_at_09.44.10_1.jpeg", "galeria": 6, "descripcion": null, "fecha_carga": "2024-03-19"}}, {"model": "galeria.imagen", "pk": 48, "fields": {"imagen": "imagenes/WhatsApp_Image_2024-03-19_at_09.44.10.jpeg", "galeria": 6, "descripcion": null, "fecha_carga": "2024-03-19"}}, {"model": "galeria.imagen", "pk": 59, "fields": {"imagen": "imagenes/WhatsApp_Image_2024-03-25_at_09.22.56_1_G60d2Xu.jpeg", "galeria": 5, "descripcion": "", "fecha_carga": "2024-03-23"}}, {"model": "galeria.imagen", "pk": 60, "fields": {"imagen": "imagenes/WhatsApp_Image_2024-03-25_at_09.22.56_xWhNhvJ.jpeg", "galeria": 5, "descripcion": "", "fecha_carga": "2024-03-23"}}, {"model": "galeria.imagen", "pk": 61, "fields": {"imagen": "imagenes/WhatsApp_Image_2024-03-25_at_09.22.55_3_sOL8qZ9.jpeg", "galeria": 5, "descripcion": "", "fecha_carga": "2024-03-23"}}, {"model": "galeria.imagen", "pk": 62, "fields": {"imagen": "imagenes/WhatsApp_Image_2024-03-25_at_09.22.55_2_ecy1ySl.jpeg", "galeria": 5, "descripcion": "", "fecha_carga": "2024-03-23"}}, {"model": "galeria.imagen", "pk": 63, "fields": {"imagen": "imagenes/WhatsApp_Image_2024-03-25_at_09.22.55_1_13A8TcP.jpeg", "galeria": 5, "descripcion": "", "fecha_carga": "2024-03-23"}}, {"model": "galeria.imagen", "pk": 64, "fields": {"imagen": "imagenes/WhatsApp_Image_2024-03-25_at_09.22.55_iR9TJ9D.jpeg", "galeria": 5, "descripcion": "", "fecha_carga": "2024-03-23"}}, {"model": "galeria.imagen", "pk": 65, "fields": {"imagen": "imagenes/WhatsApp_Image_2024-03-25_at_09.22.54_3_Xdm70EC.jpeg", "galeria": 5, "descripcion": "", "fecha_carga": "2024-03-23"}}, {"model": "galeria.imagen", "pk": 66, "fields": {"imagen": "imagenes/WhatsApp_Image_2024-03-25_at_09.22.54_2_GVZWGT9.jpeg", "galeria": 5, "descripcion": "", "fecha_carga": "2024-03-23"}}, {"model": "galeria.imagen", "pk": 67, "fields": {"imagen": "imagenes/WhatsApp_Image_2024-03-25_at_09.22.54_1_dXmRXiZ.jpeg", "galeria": 5, "descripcion": "", "fecha_carga": "2024-03-23"}}, {"model": "galeria.imagen", "pk": 68, "fields": {"imagen": "imagenes/WhatsApp_Image_2024-03-25_at_09.22.54_lWhUSEz.jpeg", "galeria": 5, "descripcion": "", "fecha_carga": "2024-03-23"}}, {"model": "galeria.imagen", "pk": 69, "fields": {"imagen": "imagenes/WhatsApp_Image_2024-03-25_at_09.19.46_3.jpeg", "galeria": 6, "descripcion": null, "fecha_carga": "2024-03-25"}}, {"model": "galeria.imagen", "pk": 70, "fields": {"imagen": "imagenes/WhatsApp_Image_2024-03-25_at_09.19.46_2.jpeg", "galeria": 6, "descripcion": null, "fecha_carga": "2024-03-25"}}, {"model": "galeria.imagen", "pk": 71, "fields": {"imagen": "imagenes/WhatsApp_Image_2024-03-25_at_09.19.46_1.jpeg", "galeria": 6, "descripcion": null, "fecha_carga": "2024-03-25"}}, {"model": "galeria.imagen", "pk": 72, "fields": {"imagen": "imagenes/WhatsApp_Image_2024-03-25_at_09.19.46.jpeg", "galeria": 6, "descripcion": null, "fecha_carga": "2024-03-25"}}, {"model": "galeria.imagen", "pk": 73, "fields": {"imagen": "imagenes/WhatsApp_Image_2024-03-25_at_09.18.52_1.jpeg", "galeria": 2, "descripcion": null, "fecha_carga": "2024-03-25"}}, {"model": "galeria.imagen", "pk": 74, "fields": {"imagen": "imagenes/WhatsApp_Image_2024-03-25_at_09.18.52.jpeg", "galeria": 2, "descripcion": null, "fecha_carga": "2024-03-25"}}, {"model": "galeria.imagen", "pk": 75, "fields": {"imagen": "imagenes/WhatsApp_Image_2024-03-25_at_09.18.51_2.jpeg", "galeria": 2, "descripcion": null, "fecha_carga": "2024-03-25"}}, {"model": "galeria.imagen", "pk": 76, "fields": {"imagen": "imagenes/WhatsApp_Image_2024-03-25_at_09.18.51_1.jpeg", "galeria": 2, "descripcion": null, "fecha_carga": "2024-03-25"}}, {"model": "galeria.imagen", "pk": 77, "fields": {"imagen": "imagenes/WhatsApp_Image_2024-03-25_at_09.18.51.jpeg", "galeria": 2, "descripcion": null, "fecha_carga": "2024-03-25"}}, {"model": "galeria.imagen", "pk": 78, "fields": {"imagen": "imagenes/WhatsApp_Image_2024-03-26_at_08.47.312.jpeg", "galeria": 9, "descripcion": null, "fecha_carga": "2024-03-25"}}, {"model": "galeria.imagen", "pk": 79, "fields": {"imagen": "imagenes/WhatsApp_Image_2024-03-26_at_08.47.311.jpeg", "galeria": 9, "descripcion": null, "fecha_carga": "2024-03-25"}}, {"model": "galeria.imagen", "pk": 80, "fields": {"imagen": "imagenes/WhatsApp_Image_2024-03-26_at_08.47.31.jpeg", "galeria": 9, "descripcion": null, "fecha_carga": "2024-03-25"}}, {"model": "galeria.imagen", "pk": 81, "fields": {"imagen": "imagenes/WhatsApp_Image_2024-03-26_at_08.45.54.jpeg", "galeria": 12, "descripcion": null, "fecha_carga": "2024-03-25"}}, {"model": "galeria.imagen", "pk": 82, "fields": {"imagen": "imagenes/WhatsApp_Image_2024-03-26_at_08.45.53.jpeg", "galeria": 12, "descripcion": null, "fecha_carga": "2024-03-25"}}, {"model": "galeria.imagen", "pk": 83, "fields": {"imagen": "imagenes/WhatsApp_Image_2024-03-26_at_08.45.52.jpeg", "galeria": 12, "descripcion": null, "fecha_carga": "2024-03-25"}}, {"model": "galeria.imagen", "pk": 84, "fields": {"imagen": "imagenes/WhatsApp_Image_2024-03-26_at_08.45.26.jpeg", "galeria": 13, "descripcion": null, "fecha_carga": "2024-03-25"}}, {"model": "galeria.imagen", "pk": 85, "fields": {"imagen": "imagenes/WhatsApp_Image_2024-03-26_at_08.45.25_3.jpeg", "galeria": 13, "descripcion": null, "fecha_carga": "2024-03-25"}}, {"model": "galeria.imagen", "pk": 86, "fields": {"imagen": "imagenes/WhatsApp_Image_2024-03-26_at_08.45.25_2.jpeg", "galeria": 13, "descripcion": null, "fecha_carga": "2024-03-25"}}, {"model": "galeria.imagen", "pk": 87, "fields": {"imagen": "imagenes/WhatsApp_Image_2024-03-26_at_08.45.25_1.jpeg", "galeria": 13, "descripcion": null, "fecha_carga": "2024-03-25"}}, {"model": "galeria.imagen", "pk": 88, "fields": {"imagen": "imagenes/WhatsApp_Image_2024-03-26_at_08.45.25.jpeg", "galeria": 13, "descripcion": null, "fecha_carga": "2024-03-25"}}, {"model": "galeria.imagen", "pk": 89, "fields": {"imagen": "imagenes/WhatsApp_Image_2024-03-26_at_08.44.232.jpeg", "galeria": 4, "descripcion": null, "fecha_carga": "2024-03-25"}}, {"model": "galeria.imagen", "pk": 90, "fields": {"imagen": "imagenes/WhatsApp_Image_2024-03-26_at_08.44.231.jpeg", "galeria": 4, "descripcion": null, "fecha_carga": "2024-03-25"}}, {"model": "galeria.imagen", "pk": 91, "fields": {"imagen": "imagenes/WhatsApp_Image_2024-03-26_at_08.44.23.jpeg", "galeria": 4, "descripcion": null, "fecha_carga": "2024-03-25"}}, {"model": "galeria.imagen", "pk": 92, "fields": {"imagen": "imagenes/WhatsApp_Image_2024-03-25_at_12.19.58.jpeg", "galeria": 3, "descripcion": null, "fecha_carga": "2024-03-25"}}, {"model": "galeria.imagen", "pk": 93, "fields": {"imagen": "imagenes/WhatsApp_Image_2024-03-25_at_12.19.571.jpeg", "galeria": 3, "descripcion": null, "fecha_carga": "2024-03-25"}}, {"model": "galeria.imagen", "pk": 94, "fields": {"imagen": "imagenes/WhatsApp_Image_2024-03-25_at_12.19.57.jpeg", "galeria": 3, "descripcion": null, "fecha_carga": "2024-03-25"}}, {"model": "galeria.imagen", "pk": 95, "fields": {"imagen": "imagenes/WhatsApp_Image_2024-03-23_at_19.38.02.jpeg", "galeria": 7, "descripcion": null, "fecha_carga": "2024-03-23"}}, {"model": "galeria.imagen", "pk": 96, "fields": {"imagen": "imagenes/WhatsApp_Image_2024-03-23_at_19.38.01_3.jpeg", "galeria": 7, "descripcion": null, "fecha_carga": "2024-03-23"}}, {"model": "galeria.imagen", "pk": 97, "fields": {"imagen": "imagenes/WhatsApp_Image_2024-03-23_at_19.38.01_2.jpeg", "galeria": 7, "descripcion": null, "fecha_carga": "2024-03-23"}}, {"model": "galeria.imagen", "pk": 98, "fields": {"imagen": "imagenes/WhatsApp_Image_2024-03-23_at_19.38.01_1.jpeg", "galeria": 7, "descripcion": null, "fecha_carga": "2024-03-23"}}, {"model": "galeria.imagen", "pk": 99, "fields": {"imagen": "imagenes/WhatsApp_Image_2024-03-23_at_19.38.01.jpeg", "galeria": 7, "descripcion": null, "fecha_carga": "2024-03-23"}}, {"model": "galeria.imagen", "pk": 100, "fields": {"imagen": "imagenes/WhatsApp_Image_2024-03-23_at_19.38.00.jpeg", "galeria": 7, "descripcion": null, "fecha_carga": "2024-03-23"}}, {"model": "galeria.imagen", "pk": 101, "fields": {"imagen": "imagenes/WhatsApp_Image_2024-03-26_at_10.47.452.jpeg", "galeria": 5, "descripcion": null, "fecha_carga": "2024-03-25"}}, {"model": "galeria.imagen", "pk": 102, "fields": {"imagen": "imagenes/WhatsApp_Image_2024-03-26_at_10.47.451.jpeg", "galeria": 5, "descripcion": null, "fecha_carga": "2024-03-25"}}, {"model": "galeria.imagen", "pk": 103, "fields": {"imagen": "imagenes/WhatsApp_Image_2024-03-26_at_10.47.45.jpeg", "galeria": 5, "descripcion": null, "fecha_carga": "2024-03-25"}}, {"model": "galeria.imagen", "pk": 104, "fields": {"imagen": "imagenes/WhatsApp_Image_2024-03-26_at_10.45.462.jpeg", "galeria": 6, "descripcion": null, "fecha_carga": "2024-03-25"}}, {"model": "galeria.imagen", "pk": 105, "fields": {"imagen": "imagenes/WhatsApp_Image_2024-03-26_at_10.45.461.jpeg", "galeria": 6, "descripcion": null, "fecha_carga": "2024-03-25"}}, {"model": "galeria.imagen", "pk": 106, "fields": {"imagen": "imagenes/WhatsApp_Image_2024-03-26_at_10.45.46.jpeg", "galeria": 6, "descripcion": null, "fecha_carga": "2024-03-25"}}, {"model": "galeria.imagen", "pk": 107, "fields": {"imagen": "imagenes/WhatsApp_Image_2024-03-26_at_10.45.05_2.jpeg", "galeria": 2, "descripcion": null, "fecha_carga": "2024-03-25"}}, {"model": "galeria.imagen", "pk": 108, "fields": {"imagen": "imagenes/WhatsApp_Image_2024-03-26_at_10.45.05_1.jpeg", "galeria": 2, "descripcion": null, "fecha_carga": "2024-03-25"}}, {"model": "galeria.imagen", "pk": 109, "fields": {"imagen": "imagenes/WhatsApp_Image_2024-03-26_at_10.45.05.jpeg", "galeria": 2, "descripcion": null, "fecha_carga": "2024-03-25"}}, {"model": "galeria.imagen", "pk": 110, "fields": {"imagen": "imagenes/WhatsApp_Image_2024-03-26_at_10.45.04_4.jpeg", "galeria": 2, "descripcion": null, "fecha_carga": "2024-03-25"}}, {"model": "galeria.imagen", "pk": 111, "fields": {"imagen": "imagenes/WhatsApp_Image_2024-03-26_at_10.45.04_3.jpeg", "galeria": 2, "descripcion": null, "fecha_carga": "2024-03-25"}}, {"model": "galeria.imagen", "pk": 112, "fields": {"imagen": "imagenes/WhatsApp_Image_2024-03-26_at_10.45.04_2.jpeg", "galeria": 2, "descripcion": null, "fecha_carga": "2024-03-25"}}, {"model": "galeria.imagen", "pk": 113, "fields": {"imagen": "imagenes/WhatsApp_Image_2024-03-26_at_10.45.04_1.jpeg", "galeria": 2, "descripcion": null, "fecha_carga": "2024-03-25"}}, {"model": "galeria.imagen", "pk": 114, "fields": {"imagen": "imagenes/WhatsApp_Image_2024-03-26_at_10.45.04.jpeg", "galeria": 2, "descripcion": null, "fecha_carga": "2024-03-25"}}, {"model": "galeria.imagen", "pk": 115, "fields": {"imagen": "imagenes/WhatsApp_Image_2024-03-26_at_10.45.03_4.jpeg", "galeria": 2, "descripcion": null, "fecha_carga": "2024-03-25"}}, {"model": "galeria.imagen", "pk": 116, "fields": {"imagen": "imagenes/WhatsApp_Image_2024-03-26_at_10.45.03_3.jpeg", "galeria": 2, "descripcion": null, "fecha_carga": "2024-03-25"}}, {"model": "galeria.imagen", "pk": 117, "fields": {"imagen": "imagenes/WhatsApp_Image_2024-03-26_at_10.45.03_2.jpeg", "galeria": 2, "descripcion": null, "fecha_carga": "2024-03-25"}}, {"model": "galeria.imagen", "pk": 118, "fields": {"imagen": "imagenes/WhatsApp_Image_2024-03-26_at_10.45.03_1.jpeg", "galeria": 2, "descripcion": null, "fecha_carga": "2024-03-25"}}, {"model": "galeria.imagen", "pk": 119, "fields": {"imagen": "imagenes/WhatsApp_Image_2024-03-26_at_10.45.03.jpeg", "galeria": 2, "descripcion": null, "fecha_carga": "2024-03-25"}}, {"model": "galeria.imagen", "pk": 120, "fields": {"imagen": "imagenes/WhatsApp_Image_2024-03-26_at_10.45.02_3.jpeg", "galeria": 2, "descripcion": null, "fecha_carga": "2024-03-25"}}, {"model": "galeria.imagen", "pk": 121, "fields": {"imagen": "imagenes/WhatsApp_Image_2024-03-26_at_10.45.02_2.jpeg", "galeria": 2, "descripcion": null, "fecha_carga": "2024-03-25"}}, {"model": "galeria.imagen", "pk": 122, "fields": {"imagen": "imagenes/WhatsApp_Image_2024-03-26_at_10.45.02_1.jpeg", "galeria": 2, "descripcion": null, "fecha_carga": "2024-03-25"}}, {"model": "galeria.imagen", "pk": 123, "fields": {"imagen": "imagenes/WhatsApp_Image_2024-03-26_at_10.45.02.jpeg", "galeria": 2, "descripcion": null, "fecha_carga": "2024-03-25"}}, {"model": "galeria.imagen", "pk": 124, "fields": {"imagen": "imagenes/WhatsApp_Image_2024-03-26_at_10.03.482.jpeg", "galeria": 10, "descripcion": null, "fecha_carga": "2024-03-26"}}, {"model": "galeria.imagen", "pk": 125, "fields": {"imagen": "imagenes/WhatsApp_Image_2024-03-26_at_10.03.481.jpeg", "galeria": 10, "descripcion": null, "fecha_carga": "2024-03-26"}}, {"model": "galeria.imagen", "pk": 126, "fields": {"imagen": "imagenes/WhatsApp_Image_2024-03-26_at_10.03.48.jpeg", "galeria": 10, "descripcion": null, "fecha_carga": "2024-03-26"}}, {"model": "galeria.imagen", "pk": 127, "fields": {"imagen": "imagenes/WhatsApp_Image_2024-03-26_at_10.03.47.jpeg", "galeria": 10, "descripcion": null, "fecha_carga": "2024-03-26"}}, {"model": "galeria.imagen", "pk": 128, "fields": {"imagen": "imagenes/WhatsApp_Image_2024-03-26_at_12.04.06_1.jpeg", "galeria": 11, "descripcion": null, "fecha_carga": "2024-03-26"}}, {"model": "galeria.imagen", "pk": 129, "fields": {"imagen": "imagenes/WhatsApp_Image_2024-03-26_at_12.04.06.jpeg", "galeria": 11, "descripcion": null, "fecha_carga": "2024-03-26"}}, {"model": "galeria.imagen", "pk": 130, "fields": {"imagen": "imagenes/WhatsApp_Image_2024-03-26_at_12.04.04.jpeg", "galeria": 11, "descripcion": null, "fecha_carga": "2024-03-26"}}, {"model": "galeria.imagen", "pk": 131, "fields": {"imagen": "imagenes/WhatsApp_Image_2024-03-26_at_12.04.03.jpeg", "galeria": 11, "descripcion": null, "fecha_carga": "2024-03-26"}}, {"model": "galeria.imagen", "pk": 132, "fields": {"imagen": "imagenes/WhatsApp_Image_2024-03-26_at_11.08.27.jpeg", "galeria": 8, "descripcion": null, "fecha_carga": "2024-03-26"}}, {"model": "galeria.imagen", "pk": 133, "fields": {"imagen": "imagenes/WhatsApp_Image_2024-03-26_at_11.07.48.jpeg", "galeria": 8, "descripcion": null, "fecha_carga": "2024-03-26"}}, {"model": "galeria.imagen", "pk": 134, "fields": {"imagen": "imagenes/WhatsApp_Image_2024-03-26_at_11.07.14_1.jpeg", "galeria": 8, "descripcion": null, "fecha_carga": "2024-03-26"}}, {"model": "galeria.imagen", "pk": 135, "fields": {"imagen": "imagenes/WhatsApp_Image_2024-03-26_at_11.07.14.jpeg", "galeria": 8, "descripcion": null, "fecha_carga": "2024-03-26"}}, {"model": "galeria.imagen", "pk": 136, "fields": {"imagen": "imagenes/WhatsApp_Image_2024-03-26_at_11.07.12.jpeg", "galeria": 8, "descripcion": null, "fecha_carga": "2024-03-26"}}]